{
  "id": "2214065",
  "name": "no name",
  "font_family": "iconfont",
  "css_prefix_text": "icon-",
  "description": "",
  "glyphs": [
    {
      "icon_id": "2985378",
      "name": "飞猪",
      "font_class": "feizhu",
      "unicode": "e659",
      "unicode_decimal": 58969
    },
    {
      "icon_id": "4227235",
      "name": "饿了么",
      "font_class": "changyonglogo40",
      "unicode": "e603",
      "unicode_decimal": 58883
    },
    {
      "icon_id": "4433870",
      "name": "金币",
      "font_class": "tubiao207",
      "unicode": "e604",
      "unicode_decimal": 58884
    },
    {
      "icon_id": "4822204",
      "name": "手机",
      "font_class": "shouji",
      "unicode": "e694",
      "unicode_decimal": 59028
    },
    {
      "icon_id": "6500755",
      "name": "手机",
      "font_class": "shouji1",
      "unicode": "e617",
      "unicode_decimal": 58903
    },
    {
      "icon_id": "6871395",
      "name": "金币",
      "font_class": "jinbi1",
      "unicode": "e69b",
      "unicode_decimal": 59035
    },
    {
      "icon_id": "11380692",
      "name": "icon_天猫超市",
      "font_class": "icon_tianmaochaoshi",
      "unicode": "e681",
      "unicode_decimal": 59009
    },
    {
      "icon_id": "14826575",
      "name": "吃货台",
      "font_class": "chihuotai",
      "unicode": "e618",
      "unicode_decimal": 58904
    },
    {
      "icon_id": "1609830",
      "name": "天猫",
      "font_class": "tianmao",
      "unicode": "e67d",
      "unicode_decimal": 59005
    },
    {
      "icon_id": "7772335",
      "name": "订单列表",
      "font_class": "dingdanliebiao",
      "unicode": "e67e",
      "unicode_decimal": 59006
    },
    {
      "icon_id": "8234682",
      "name": "星球",
      "font_class": "shouye",
      "unicode": "e600",
      "unicode_decimal": 58880
    },
    {
      "icon_id": "9335306",
      "name": "更多",
      "font_class": "gengduo",
      "unicode": "e6cb",
      "unicode_decimal": 59083
    },
    {
      "icon_id": "10698670",
      "name": "饿了么",
      "font_class": "elemo1",
      "unicode": "e722",
      "unicode_decimal": 59170
    },
    {
      "icon_id": "11674759",
      "name": "我 的",
      "font_class": "wode",
      "unicode": "e9fa",
      "unicode_decimal": 59898
    },
    {
      "icon_id": "11982789",
      "name": "搜索",
      "font_class": "sousuo",
      "unicode": "e60e",
      "unicode_decimal": 58894
    },
    {
      "icon_id": "12257324",
      "name": "充值",
      "font_class": "chongzhitianchong",
      "unicode": "e7f1",
      "unicode_decimal": 59377
    },
    {
      "icon_id": "13186206",
      "name": "今日爆款_shwhk6",
      "font_class": "jinribaokuan_shwhk",
      "unicode": "e60d",
      "unicode_decimal": 58893
    },
    {
      "icon_id": "13412404",
      "name": "首页-选中",
      "font_class": "shouye1",
      "unicode": "e608",
      "unicode_decimal": 58888
    },
    {
      "icon_id": "13581526",
      "name": "捡漏",
      "font_class": "tubiaozhizuomoban",
      "unicode": "e609",
      "unicode_decimal": 58889
    },
    {
      "icon_id": "15006875",
      "name": "吃吃",
      "font_class": "chichi",
      "unicode": "e60b",
      "unicode_decimal": 58891
    },
    {
      "icon_id": "15175971",
      "name": "购物 车",
      "font_class": "gouwuche",
      "unicode": "e62e",
      "unicode_decimal": 58926
    },
    {
      "icon_id": "15754986",
      "name": "天猫超市",
      "font_class": "lujing54",
      "unicode": "e644",
      "unicode_decimal": 58948
    },
    {
      "icon_id": "1618001",
      "name": "淘icon",
      "font_class": "taoicon",
      "unicode": "e602",
      "unicode_decimal": 58882
    }
  ]
}
